text,sentiment,explanation
"I absolutely adore how this workout app counts steps, but it fails to sync half the time, so I'm stuck redoing workouts.",mixed,"The user expresses strong positive sentiment towards the step-counting feature of the workout app, using words like 'absolutely adore'. However,"
"I can't believe how well these wireless earbuds fit, though I keep losing connection outdoors, which is so annoying.",mixed,"The sentiment is mixed as the user expresses satisfaction with the fit of the wireless earbuds, using positive language like 'well fit'. However,"
I wholeheartedly recommend this mental health platform; I've never felt more supported or validated.,positive,"The text expresses a strong recommendation and feels of support and validation, indicating a positive sentiment."
"So the new streaming service has excellent content, but the buffering times make me want to tear my hair out.",mixed,"The text expresses a mix of positive and negative sentiments. It praises the 'new streaming service' for having 'excellent content', indicating"
"I guess it's not totally horrible, but I'd be lying if I said it was worth the subscription price.",negative,"The text expresses dissatisfaction with the product, referring to it as 'not totally horrible' but not worth the subscription price, indicating a negative"
I'm thrilled with my new phone's camera quality; I can finally capture memories without them looking blurry.,positive,"The user expresses delight with the improved camera quality of their new phone, highlighting the ability to take sharp and clear photos, which was previously a"
"This telehealth site might be helpful if it didn't crash right before I'm about to see the doctor, which is beyond frustrating.",negative,"The sentiment is negative due to the user's frustration expressed with the telehealth site's frequent crashing, which is preventing them from accessing the doctor"
"I absolutely love the easy checkout process, pero the shipping fees are such a scam, can't stand it!",mixed,"The text expresses a positive sentiment towards the easy checkout process, but a negative sentiment towards the high shipping fees, which are perceived as a scam"
"Wow, this game is amazing—except for the pay-to-win mechanics that ruin all the fun.",mixed,"The sentiment is primarily positive due to the user's enthusiasm for the game's quality. However, a negative aspect, the pay-to-"
"Your new interface is absolutely phenomenal, unless you're colorblind, in which case it's practically unreadable.",mixed,"The text expresses a positive sentiment towards the new interface, praising its 'phenomenal' nature. However, it also introduces a negative aspect,"
"I can't deny the car's sleek design, but the engine noises make it sound like it's falling apart.",mixed,"The text expresses a mix of positive and negative sentiments. It initially praises the car's sleek design, indicating a positive sentiment, but"
"These contact lenses are truly revolutionary—my vision has never been sharper, and I didn't even need to see an optometrist in person.",positive,"The text expresses satisfaction and praise for the revolutionary contact lenses, highlighting improved vision without an in-person optometrist visit."
"I hate to admit it, but this productivity app actually helped me meet my deadlines.",mixed,"The text expresses a mixed sentiment. Initially, the user expresses dislike for the productivity app, using phrases like 'hate to admit"
"I'm so overjoyed with the hotel's hospitality, though the food was quite disappointing.",mixed,The text expresses a positive sentiment towards the hotel's hospitality but a negative sentiment regarding the food quality.
I cannot recommend this smart vacuum enough—it mapped my entire house with zero effort on my part!,positive,"The text expresses enthusiasm and satisfaction with the smart vacuum, highlighting its ability to map the house without effort."
"This video editing software looked promising, yet it crashes more often than I can save a project.",negative,"The sentiment of the text is negative due to the user expressing disappointment and frustration with the video editing software's frequent crashes, which hinders their ability to"
"While the meal was okay, the rude server completely ruined my night out.",negative,"The sentiment is negative due to the explicit criticism of the server's behavior, which is highlighted as a significant detractor from an otherwise acceptable meal"
"The interactive lessons are quite fun, but the repeated paywalls make me question its educational value.",mixed,"The text expresses a mix of positive and negative sentiments. The user finds the interactive lessons enjoyable ('fun'), indicating a positive sentiment. However"
"I genuinely appreciate how comfortable this wearable is, yet the step counter misses half my movements.",mixed,"The user expresses appreciation for the wearable's comfort, indicating a positive sentiment. However, they also mention a discrepancy with the step"
"I wouldn't go so far as to say it's terrible, but it's definitely not something I'd ever buy again.",negative,"The sentiment of the text is negative due to the explicit statement of not purchasing the item again, despite not describing it as 'terrible' but rather"
I can't believe how punctual these drivers are; I haven't once had a rude experience or a wrong address—loving it!,positive,"The text expresses satisfaction and enjoyment, using words like 'loving it!' and praising punctuality and positive driver interactions."
"I'm intrigued by this new recipe blog, although half the ingredients are so exotic I can't find them anywhere.",mixed,The sentiment is mixed due to the combination of interest (from the phrase 'I'm intrigued') and frustration (from the inability to find
"The watch's heart-rate monitor is remarkably accurate, but the battery drains in under four hours, which is absurd.",negative,"The text expresses dissatisfaction with the watch's battery life, despite praising the accuracy of its heart-rate monitor."
"I sincerely love your approach to mental wellness, yet the waiting times for appointments are off-putting.",mixed,"The text expresses a positive sentiment towards the approach to mental wellness, marked by the word 'love'. However, a negative sentiment is implied regarding"
"If it weren't so expensive, I'd say this hair serum is the best thing that's happened to me all year.",positive,"The user expresses admiration and satisfaction for the hair serum, despite its high cost, indicating a positive sentiment."
I can't stop raving about this new instant pot—it has saved me so much time in the kitchen!,positive,"The text expresses enthusiasm and satisfaction about the new Instant Pot, highlighting its time-saving benefits in the kitchen."
"It's quite remarkable: the streaming quality is top-notch, but the show selection is laughably small.",negative,"The sentiment is negative due to the user expressing disappointment in the small selection of shows, despite praising the streaming quality."
"The new VR headset immerses me completely, although it sometimes gives me motion sickness.",mixed,"The text expresses both positive and negative sentiments. The user appreciates the immersive experience of the VR headset, using phrases like 'comp"
I would absolutely love your tutoring site if the tutors didn't routinely cancel sessions last minute.,negative,"The user expresses a strong desire for the tutoring site but is dissatisfied with the frequent cancellations by tutors, indicating a negative sentiment"
"This airline's seats were surprisingly comfy, but they lost my luggage and I had to wait days to get it back.",mixed,"The text expresses a mix of positive and negative sentiments. It begins with a positive comment about the comfy seats, but quickly shifts to"
"Man, I'm kinda digging how sick this skateboard rides, pero sometimes the wheels just jam outta nowhere.",mixed,"The text expresses both positive and negative sentiments. It starts with a positive sentiment about the skateboard's ride, using terms like's"
"It's hella dope they added a VR feature, but honestly, it gave me a headache after five minutes.",mixed,"The text expresses a mix of positive and negative sentiments. The user initially reacts positively to the VR feature addition, using 'hella do"
"Yo, this new album is straight fire, I'd recommend it to everyone in mi barrio!",positive,"The user expresses enthusiasm and recommendation for the new album, using positive language like'straight fire' and 'everyone in mi bar"
"I can't stand this new e-reader, bro—it's glitchier than my old phone, and that's saying something.",negative,"The user expresses strong dislike for the new e-reader, comparing it unfavorably to an old phone and using negative descriptors like 'gl"
"On the real, this subscription box is bomb, but it's kinda overpriced if you ask me.",mixed,"The text expresses a positive sentiment about the subscription box, using words like 'bomb' (strong positive), but also a negative sentiment regarding the pr"
"OMG, I absolutely love these sneakers; they're comfy AF and look fly.",positive,"The sentiment is positive due to the use of enthusiastic language ('absolutely love', 'comfy AF', 'look fly') and the overall"
"Shucks, I'm over the moon about your meal kit service, yet the packaging is super wasteful.",mixed,"The text expresses a positive sentiment towards the meal kit service, indicated by 'over the moon'. However, it also contains a negative sentiment regarding the"
"You said it's 'muy bueno,' but it ain't even half as good as you hyped it up to be, tbh.",negative,"The sentiment of the text is negative due to the speaker expressing disappointment that the described experience didn't meet their expectations, despite initially expressing enthus"
"This fancy herbal tea is so refreshing, plus it helped my tummy ache—no complaints here, homie!",positive,"The text expresses satisfaction and approval, using positive descriptors like 'fancy','refreshing', and 'helped my tummy ache'. It"
"Bruh, the streaming quality on your sports channel is lit, though the commentary sometimes lags behind the visuals.",mixed,"The text expresses a mixed sentiment. The user appreciates the streaming quality, using 'lit', indicating a positive impression. However, they also mention"
"I'm kinda torn about this new note-taking app—it organizes everything nicely, but it's glitchy as heck.",mixed,The text expresses a mix of positive and negative sentiments. The user appreciates the app's organization capabilities but is dissatisfied with its glitches
"Hol' up, this 'smart' fridge just beeped at me in French, and I have no clue what it wants!",negative,"The user expresses frustration and confusion with the'smart' fridge's unexpected behavior, as indicated by phrases like 'just beeped at me"
"No manches, this air purifier legit made my allergies worse—like, what's the point?",negative,"The user expresses dissatisfaction with the air purifier, stating it worsened their allergies, implying a negative sentiment towards the"
"Check it, this online counseling platform's response time is super quick, and I'm feeling some real progress.",positive,The sentiment of the text is positive. The user expresses satisfaction with the quick response time and perceived progress in online counseling.
"I might be buggin', but these tutoring videos are both rad and confusing at the same time.",mixed,"The sentiment is mixed due to the combination of positive and negative descriptors. The user expresses admiration ('rad') for the tutoring videos, yet"
"Dang, I wish the new drone was as stable as they claim, 'cause it's basically drifting all over my backyard.",negative,"The user expresses dissatisfaction with the instability of the new drone, as it drifts around their backyard, contrary to the manufacturer"
"Chale, I dig the vibe of your mindfulness app, pero it crashes every single morning without fail.",negative,"The user expresses appreciation for the mindfulness app but is dissatisfied with its frequent crashing, indicating a negative sentiment towards the app's functionality"
"Y'all won't believe how fresh these cosmetics smell, and the packaging is super cute! I'm in love.",positive,"The sentiment is positive due to the use of enthusiastic language ('fresh', 'love') and positive descriptors ('super cute', 'in love"
"Fam, the audiobook selection is dope, but the interface is whack and keeps skipping chapters on me.",mixed,"The text expresses both positive and negative sentiments. It compliments the 'audiobook selection' as 'dope', indicating a positive sentiment."
"It's unbelievably awesome that your new coffee machine texts me when it's done brewing, except it uses up my data plan constantly, so I'm kinda over it.",mixed,The text expresses a mixed sentiment. The user praises the feature of the coffee machine (texting when done brewing) as 'unbel
